mission_time_s,velocity_ms,altitude_km,velocity_y_ms,velocity_x_ms,acceleration_ms2,downrange_distance_km,angle_deg,dynamic_pressure_pa,jerk_ms3,altitude_rate_kms,velocity_rate_ms2,angle_rate_degs,mach_number,flight_phase
0,0.277,0,-0.155,0,10.71,0,90,0.047,0,0,0,0,0.0008,LIFTOFF
1,1.913,0.001,2.292,0,11.309,0,90,2.242,0.599,0.001,1.636,0,0.0056,LIFTOFF
2,3.241,0.004,4.738,0,11.983,0,90,6.433,0.674,0.003,1.328,0,0.0094,POWERED_ASCENT
3,6.529,0.009,7.487,0,12.741,0,90,26.089,0.758,0.005,3.288,0,0.019,POWERED_ASCENT
4,10.555,0.017,10.835,0,13.364,0,90,68.125,0.623,0.008,4.026,0,0.0308,POWERED_ASCENT
5,14.354,0.03,14.597,0,13.753,0,90,125.843,0.389,0.013,3.799,0,0.0418,POWERED_ASCENT
6,18.521,0.046,18.628,0,13.902,0,90,209.181,0.149,0.016,4.167,0,0.054,POWERED_ASCENT
7,22.777,0.067,22.77,0,13.993,0,90,315.732,0.091,0.021,4.256,0,0.0664,POWERED_ASCENT
8,26.809,0.091,27.01,0,14.064,0,90,436.369,0.071,0.024,4.032,0,0.0782,POWERED_ASCENT
9,31.205,0.12,31.319,0,14.124,0,90,589.564,0.06,0.029,4.396,0,0.091,POWERED_ASCENT
10,35.555,0.154,35.686,0,14.176,0,90,762.926,0.052,0.034,4.35,0,0.1037,POWERED_ASCENT
11,40.277,0.192,40.133,0,14.217,0,90,975.458,0.041,0.038,4.722,0,0.1174,POWERED_ASCENT
12,44.444,0.234,44.654,0,14.279,0,90,1182.894,0.062,0.042,4.167,0,0.1296,POWERED_ASCENT
13,48.888,0.281,49.24,0,14.362,0,90,1424.843,0.083,0.047,4.444,0,0.1425,POWERED_ASCENT
14,54.166,0.332,53.907,0,14.496,0,90,1740.415,0.134,0.051,5.278,0,0.1579,POWERED_ASCENT
15,58.333,0.389,58.685,0,14.656,0,90,2007.536,0.16,0.057,4.167,0,0.1701,POWERED_ASCENT
16,63.333,0.449,63.555,0,14.841,0,90,2352.526,0.185,0.06,5,0,0.1846,POWERED_ASCENT
17,68.611,0.515,68.518,0,14.995,0,90,2743.348,0.154,0.066,5.278,0,0.2,POWERED_ASCENT
18,73.333,0.586,73.574,0,15.087,0,90,3112.404,0.092,0.071,4.722,0,0.2138,POWERED_ASCENT
19,78.611,0.662,78.731,0,15.118,0,90,3550.185,0.031,0.076,5.278,0,0.2292,POWERED_ASCENT
20,83.888,0.744,83.954,0,15.118,0,90,4010.9,0,0.082,5.277,0,0.2446,POWERED_ASCENT
21,89.166,0.83,89.232,0,15.118,0,90,4493.326,0,0.086,5.278,0,0.26,POWERED_ASCENT
22,94.585,0.922,94.556,0,15.134,0,90,5010.803,0.016,0.092,5.419,0,0.2758,POWERED_ASCENT
23,99.863,1.019,99.936,0,15.164,0,90,5532.579,0.03,0.097,5.278,0,0.2911,POWERED_ASCENT
24,105.277,1.122,105.4,0,15.21,0,90,6086.98,0.046,0.103,5.414,0,0.3069,POWERED_ASCENT
25,110.559,1.23,110.955,0,15.287,0,90,6642.066,0.077,0.108,5.282,0,0.3223,POWERED_ASCENT
26,116.529,1.343,116.585,-0.146,15.394,0,90,7296.361,0.107,0.113,5.97,0,0.3397,POWERED_ASCENT
27,122.5,1.463,122.335,-0.317,15.548,0,90,7968.262,0.154,0.12,5.971,0,0.3571,POWERED_ASCENT
28,127.918,1.588,128.186,-0.485,15.671,-0.001,90,8581.224,0.123,0.125,5.418,0,0.3729,POWERED_ASCENT
29,133.752,1.719,134.121,-0.465,15.777,-0.001,90,9260.126,0.106,0.131,5.834,0,0.3899,POWERED_ASCENT
30,140.277,1.856,140.139,-0.434,15.87,-0.002,90,10047.061,0.093,0.137,6.525,0,0.409,POWERED_ASCENT
31,146.111,1.999,146.287,-0.178,16.008,-0.002,90,10744.601,0.138,0.143,5.834,0,0.426,POWERED_ASCENT
32,152.222,2.148,152.555,0.573,16.162,-0.002,89.732,11488.276,0.154,0.149,6.111,-0.268,0.4438,POWERED_ASCENT
33,158.888,2.304,158.916,2.098,16.284,0,89.302,12321.22,0.122,0.156,6.666,-0.43,0.4632,POWERED_ASCENT
34,165.277,2.466,165.361,4.431,16.359,0.003,88.872,13114.58,0.075,0.162,6.389,-0.43,0.4819,POWERED_ASCENT
35,171.805,2.634,171.937,7.683,16.401,0.009,88.165,13929.81,0.042,0.168,6.528,-0.707,0.5009,POWERED_ASCENT
36,178.472,2.809,178.222,12.152,16.44,0.019,87.116,14765.017,0.039,0.175,6.667,-1.049,0.5203,POWERED_ASCENT
37,185,2.991,184.461,17.921,16.519,0.034,85.991,15571.468,0.079,0.182,6.528,-1.125,0.5394,POWERED_ASCENT
38,192.5,3.18,190.831,24.671,16.638,0.055,84.665,16534.429,0.119,0.189,7.5,-1.326,0.5612,POWERED_ASCENT
39,199.722,3.375,197.201,31.911,16.796,0.083,83.08,17442.124,0.158,0.195,7.222,-1.585,0.5823,POWERED_ASCENT
40,206.388,3.577,203.051,39.098,16.886,0.119,81.565,18238.697,0.09,0.202,6.666,-1.515,0.6017,POWERED_ASCENT
41,213.611,3.789,208.55,46.049,16.88,0.162,80.26,19107.75,-0.006,0.212,7.223,-1.305,0.6228,POWERED_ASCENT
42,221.111,4,213.74,52.344,16.782,0.211,79.004,20023.409,-0.098,0.211,7.5,-1.256,0.6446,POWERED_ASCENT
43,228.888,4.217,218.841,57.733,16.626,0.266,78.084,20970.802,-0.156,0.217,7.777,-0.92,0.6673,POWERED_ASCENT
44,235.555,4.443,224.939,61.827,16.441,0.326,77.346,21681.846,-0.185,0.226,6.667,-0.738,0.6867,POWERED_ASCENT
45,242.5,4.669,231.785,64.831,16.228,0.389,76.562,22430.572,-0.213,0.226,6.945,-0.784,0.707,POWERED_ASCENT
46,248.888,4.9,239.114,66.869,15.911,0.455,75.95,23046.838,-0.317,0.231,6.388,-0.612,0.7256,POWERED_ASCENT
47,255.277,5.167,246.058,68.136,15.466,0.522,75.683,23555.177,-0.445,0.267,6.389,-0.267,0.7442,POWERED_ASCENT
48,260.418,5.42,252.461,68.751,14.891,0.591,75.683,23847.212,-0.575,0.253,5.141,0,0.7592,THROTTLE_DOWN
49,265,5.675,257.346,69.133,14.427,0.66,75.683,24011.066,-0.464,0.255,4.582,0,0.7726,THROTTLE_DOWN
50,269.444,5.93,261.72,69.691,14.164,0.729,75.683,24132.558,-0.263,0.255,4.444,0,0.7856,THROTTLE_DOWN
51,273.888,6.196,265.577,70.365,14.103,0.799,75.777,24210.457,-0.061,0.266,4.444,0.094,0.7985,THROTTLE_DOWN
52,278.333,6.475,269.729,70.911,14.12,0.87,75.777,24232.386,0.017,0.279,4.445,0,0.8115,THROTTLE_DOWN
53,283.055,6.741,273.787,71.249,14.151,0.941,75.777,24320.628,0.031,0.266,4.722,0,0.8252,THROTTLE_DOWN
54,287.777,7.023,278.225,71.626,14.208,1.012,75.777,24346.674,0.057,0.282,4.722,0,0.839,THROTTLE_DOWN
55,292.363,7.3,282.618,72.504,14.275,1.084,75.529,24343.241,0.067,0.277,4.586,-0.248,0.8524,THROTTLE_DOWN
56,297.222,7.59,287.796,74.212,14.353,1.158,75.206,24330.948,0.078,0.29,4.859,-0.323,0.8665,THROTTLE_DOWN
57,302.222,7.88,293.014,76.931,14.429,1.233,74.843,24322.77,0.076,0.29,5,-0.363,0.8811,THROTTLE_DOWN
58,307.363,8.18,298.047,80.484,14.487,1.312,74.432,24287.861,0.058,0.3,5.141,-0.411,0.8961,THROTTLE_DOWN
59,312.363,8.487,301.994,84.589,14.545,1.394,74.011,24191.83,0.058,0.307,5,-0.421,0.9107,THROTTLE_DOWN
60,317.5,8.8,305.311,88.949,14.589,1.481,73.663,24076.478,0.044,0.313,5.137,-0.348,0.9257,THROTTLE_DOWN
61,322.777,9.1,308.179,93.43,14.633,1.572,73.341,24001.5,0.044,0.3,5.277,-0.322,0.941,THROTTLE_DOWN
62,328.333,9.41,311.412,98.046,14.673,1.668,72.963,23917.842,0.04,0.31,5.556,-0.378,0.9572,THROTTLE_DOWN
63,333.611,9.72,315.605,102.828,14.755,1.769,72.449,23773.992,0.082,0.31,5.278,-0.514,0.9726,THROTTLE_DOWN
64,338.888,10.039,320.891,107.635,14.941,1.874,71.865,23584.276,0.186,0.319,5.277,-0.584,0.988,THROTTLE_DOWN
65,344.722,10.373,327.036,112.043,15.22,1.984,71.282,23408.835,0.279,0.334,5.834,-0.583,1.005,THROTTLE_DOWN
66,351.111,10.7,332.838,115.835,15.662,2.098,70.833,23303.086,0.442,0.327,6.389,-0.449,1.0236,THROTTLE_DOWN
67,357.777,11.05,338.595,119.009,16.207,2.215,70.762,23143.197,0.545,0.35,6.666,-0.071,1.0431,THROTTLE_DOWN
68,365.555,11.383,344.816,121.821,16.853,2.335,70.762,23147.198,0.646,0.333,7.778,0,1.0658,THROTTLE_DOWN
69,374.166,11.738,351.379,124.416,17.374,2.459,70.752,23159.962,0.521,0.355,8.611,-0.01,1.0909,POWERED_ASCENT
70,382.504,12.088,358.216,126.813,17.71,2.584,70.656,23116.802,0.336,0.35,8.338,-0.096,1.1152,POWERED_ASCENT
71,391.393,12.463,367.021,129.071,17.861,2.712,70.656,23027.742,0.151,0.375,8.889,0,1.1411,POWERED_ASCENT
72,400,12.836,376.648,131.257,17.983,2.842,70.656,22875.937,0.122,0.373,8.607,0,1.1662,POWERED_ASCENT
73,408.611,13.207,387.063,133.584,18.166,2.975,70.647,22696.136,0.183,0.371,8.611,-0.009,1.1913,POWERED_ASCENT
74,418.055,13.625,397.122,136.213,18.408,3.11,70.555,22429.093,0.242,0.418,9.444,-0.092,1.2188,POWERED_ASCENT
75,427.222,14.025,406.35,139.46,18.649,3.247,70.463,22152.162,0.241,0.4,9.167,-0.092,1.2455,POWERED_ASCENT
76,436.944,14.45,414.252,143.701,18.857,3.389,70.39,21820.683,0.208,0.425,9.722,-0.073,1.2739,POWERED_ASCENT
77,446.666,14.865,422.166,149.28,19.001,3.536,70.228,21486.314,0.144,0.415,9.722,-0.162,1.3022,POWERED_ASCENT
78,456.666,15.293,428.862,156.136,19.137,3.688,69.957,21102.071,0.136,0.428,10,-0.271,1.3314,POWERED_ASCENT
79,466.666,15.722,436.518,163.895,19.237,3.848,69.528,20684.528,0.1,0.429,10,-0.429,1.3605,POWERED_ASCENT
80,476.944,16.179,444.851,171.933,19.365,4.016,69.114,20174.356,0.128,0.457,10.278,-0.414,1.3905,POWERED_ASCENT
81,487.5,16.622,453.124,179.637,19.464,4.192,68.699,19701.687,0.099,0.443,10.556,-0.415,1.4213,POWERED_ASCENT
82,497.777,17.1,460.75,186.537,19.596,4.375,68.382,19073.879,0.132,0.478,10.277,-0.317,1.4512,POWERED_ASCENT
83,508.333,17.55,469.052,192.461,19.731,4.565,68.088,18529.632,0.135,0.45,10.556,-0.294,1.482,POWERED_ASCENT
84,519.722,18.034,478.106,197.614,19.929,4.76,67.88,17924.135,0.198,0.484,11.389,-0.208,1.5152,POWERED_ASCENT
85,530.833,18.517,489.227,202.438,20.19,4.96,67.613,17278.767,0.261,0.483,11.111,-0.267,1.5476,POWERED_ASCENT
86,541.666,19.007,501.403,207.326,20.48,5.164,67.366,16581.307,0.29,0.49,10.833,-0.247,1.5792,POWERED_ASCENT
87,553.611,19.534,513.238,212.66,20.739,5.374,67.084,15839.872,0.259,0.527,11.945,-0.282,1.614,POWERED_ASCENT
88,565.555,20.07,523.705,218.808,20.873,5.59,66.825,15060.409,0.134,0.536,11.944,-0.259,1.6488,POWERED_ASCENT
89,577.5,20.6,532.585,226.146,20.976,5.813,66.527,14295.287,0.103,0.53,11.945,-0.298,1.6837,POWERED_ASCENT
90,589.444,21.134,540.88,234.882,21.075,6.043,66.214,13519.089,0.099,0.534,11.944,-0.313,1.7185,POWERED_ASCENT
91,601.944,21.684,549.968,245.07,21.262,6.283,65.816,12729.869,0.187,0.55,12.5,-0.398,1.7549,POWERED_ASCENT
92,614.444,22.23,558.865,256.39,21.445,6.534,65.369,11953.857,0.183,0.546,12.5,-0.447,1.7914,POWERED_ASCENT
93,627.5,22.81,567.338,268.439,21.655,6.796,64.86,11133.112,0.21,0.58,13.056,-0.509,1.8294,POWERED_ASCENT
94,640.833,23.41,575.179,280.409,21.832,7.071,64.334,10294.743,0.177,0.6,13.333,-0.526,1.8683,POWERED_ASCENT
95,653.611,23.975,583.116,291.906,22.009,7.357,63.834,9531.23,0.177,0.565,12.778,-0.5,1.9056,POWERED_ASCENT
96,666.944,24.55,593.429,302.759,22.127,7.654,63.382,8785.395,0.118,0.575,13.333,-0.452,1.9444,POWERED_ASCENT
97,680.555,25.15,603.85,313.107,22.246,7.962,62.94,8023.752,0.119,0.6,13.611,-0.442,1.9841,POWERED_ASCENT
98,694.722,25.77,614.753,322.799,22.366,8.28,62.513,7269.521,0.12,0.62,14.167,-0.427,2.0254,POWERED_ASCENT
99,708.888,26.43,626.176,331.82,22.522,8.607,62.156,6488.277,0.156,0.66,14.166,-0.357,2.0667,POWERED_ASCENT
100,722.777,27.07,636.884,340.477,22.711,8.944,61.878,5776.664,0.189,0.64,13.889,-0.278,2.1072,POWERED_ASCENT
101,736.111,27.67,648.522,349.605,22.931,9.289,61.581,5154.205,0.22,0.6,13.334,-0.297,2.1461,POWERED_ASCENT
102,751.666,28.325,659.845,359.835,23.208,9.643,61.202,4531.188,0.277,0.655,15.555,-0.379,2.1914,POWERED_ASCENT
103,766.666,29.025,671.154,371.494,23.48,10.009,60.775,3896.895,0.272,0.7,15,-0.427,2.2352,POWERED_ASCENT
104,781.388,29.725,683.03,384.667,23.748,10.387,60.315,3316.757,0.268,0.7,14.722,-0.46,2.2781,POWERED_ASCENT
105,796.666,30.39,694.184,399.092,23.983,10.779,59.823,2827.558,0.235,0.665,15.278,-0.492,2.3226,POWERED_ASCENT
106,812.777,31.09,700.746,414.297,24.188,11.186,59.328,2363.643,0.205,0.7,16.111,-0.495,2.3696,POWERED_ASCENT
107,828.888,31.83,707.954,429.537,24.366,11.608,58.918,1924.489,0.178,0.74,16.111,-0.41,2.4166,POWERED_ASCENT
108,845.555,32.55,716.305,444.225,24.518,12.044,58.579,1555.959,0.152,0.72,16.667,-0.339,2.4652,POWERED_ASCENT
109,861.388,33.25,725.654,457.987,24.672,12.496,58.27,1244.199,0.154,0.7,15.833,-0.309,2.5113,POWERED_ASCENT
110,878.888,33.95,737.293,470.793,24.885,12.96,57.906,981.175,0.213,0.7,17.5,-0.364,2.5624,POWERED_ASCENT
111,895.277,34.75,749.675,482.866,25.125,13.437,57.501,723.711,0.24,0.8,16.389,-0.405,2.6101,POWERED_ASCENT
112,911.944,35.49,766.661,494.729,25.425,13.926,57.087,533.32,0.3,0.74,16.667,-0.414,2.6587,POWERED_ASCENT
113,930,36.25,783.008,507.034,25.665,14.426,56.709,378.359,0.24,0.76,18.056,-0.378,2.7114,POWERED_ASCENT
114,947.777,37.084,797.482,520.397,25.905,14.94,56.317,247.18,0.24,0.834,17.777,-0.392,2.7632,POWERED_ASCENT
115,966.111,37.917,809.118,535.191,26.085,15.468,55.958,152.743,0.18,0.833,18.334,-0.359,2.8167,POWERED_ASCENT
116,983.611,38.7,819.31,551.406,26.267,16.011,55.62,90.945,0.182,0.783,17.5,-0.338,2.8677,POWERED_ASCENT
117,1002.222,39.55,824.975,568.958,26.477,16.571,55.304,47.067,0.21,0.85,18.611,-0.316,2.9219,POWERED_ASCENT
118,1021.666,40.375,831.352,587.786,26.743,17.15,54.877,21.833,0.266,0.825,19.444,-0.427,2.9786,POWERED_ASCENT
119,1041.111,41.2,839.253,607.615,27.031,17.747,54.372,8.378,0.288,0.825,19.445,-0.505,3.0353,POWERED_ASCENT
120,1059.444,42.05,850.862,628.019,27.221,18.365,53.793,2.254,0.19,0.85,18.333,-0.579,3.0888,POWERED_ASCENT
121,1079.166,42.917,862.75,648.381,27.314,19.004,53.216,0.306,0.093,0.867,19.722,-0.577,3.1463,POWERED_ASCENT
122,1098.611,43.775,874.356,668.462,27.471,19.662,52.624,0.006,0.157,0.858,19.445,-0.592,3.2029,POWERED_ASCENT
123,1118.333,44.7,885.139,688.047,27.755,20.34,52.114,0,0.284,0.925,19.722,-0.51,3.2604,POWERED_ASCENT
124,1139.444,45.584,895.03,707.426,28.199,21.038,51.665,0,0.444,0.884,21.111,-0.449,3.322,POWERED_ASCENT
125,1160.277,46.5,902.082,727.032,28.614,21.755,51.265,0,0.415,0.916,20.833,-0.4,3.3827,POWERED_ASCENT
126,1182.222,47.384,913.026,747.696,28.998,22.493,50.799,0,0.384,0.884,21.945,-0.466,3.4467,POWERED_ASCENT
127,1203.611,48.284,924.479,769.62,29.311,23.251,50.295,0,0.313,0.9,21.389,-0.504,3.5091,POWERED_ASCENT
128,1225.858,49.251,936.128,792.871,29.557,24.032,49.716,0,0.246,0.967,22.247,-0.579,3.5739,POWERED_ASCENT
129,1248.333,50.217,947.031,817.022,29.733,24.837,49.137,0,0.176,0.966,22.475,-0.579,3.6395,POWERED_ASCENT
130,1271.111,51.15,957.545,841.694,29.856,25.667,48.571,0,0.123,0.933,22.778,-0.566,3.7059,POWERED_ASCENT
131,1293.611,52.15,964.11,866.253,30.016,26.521,48.101,0,0.16,1,22.5,-0.47,3.7715,POWERED_ASCENT
132,1316.944,53.117,970.043,890.364,30.249,27.399,47.704,0,0.233,0.967,23.333,-0.397,3.8395,POWERED_ASCENT
133,1340.833,54.1,975.224,913.709,30.577,28.301,47.376,0,0.328,0.983,23.889,-0.328,3.9091,POWERED_ASCENT
134,1363.888,55.017,984.822,936.275,30.968,29.226,47.04,0,0.391,0.917,23.055,-0.336,3.9763,POWERED_ASCENT
135,1388.611,56.05,997.484,958.075,31.324,30.173,46.678,0,0.356,1.033,24.723,-0.362,4.0484,POWERED_ASCENT
136,1413.333,57.05,1015.39,980.261,31.649,31.142,46.275,0,0.325,1,24.722,-0.403,4.1205,POWERED_ASCENT
137,1437.777,58.05,1033.946,1003.355,31.975,32.134,45.903,0,0.326,1,24.444,-0.372,4.1918,POWERED_ASCENT
138,1463.333,59.15,1053.275,1027.489,32.461,33.15,45.586,0,0.486,1.1,25.556,-0.317,4.2663,POWERED_ASCENT
139,1490.277,60.25,1068.678,1051.63,32.985,34.189,45.356,0,0.524,1.1,26.944,-0.23,4.3448,POWERED_ASCENT
140,1516.388,61.35,1080.515,1075.146,33.454,35.253,45.178,0,0.469,1.1,26.111,-0.178,4.421,POWERED_ASCENT
141,1543.611,62.417,1086.749,1097.341,33.583,36.339,45.014,0,0.129,1.067,27.223,-0.164,4.5003,POWERED_ASCENT
142,1571.111,63.484,1093.572,1117.536,33.281,37.446,44.787,0,-0.302,1.067,27.5,-0.227,4.5805,POWERED_ASCENT
143,1599.166,64.584,1099.439,1134.878,31.561,38.572,44.495,0,-1.72,1.1,28.055,-0.292,4.6623,POWERED_ASCENT
144,1621.111,65.701,1104.061,1148.78,23.641,39.714,44.194,0,-7.92,1.117,21.945,-0.301,4.7263,POWERED_ASCENT
145,1624.095,66.884,1107.716,1158.756,13.461,40.868,43.918,0,-10.18,1.183,2.984,-0.276,4.735,MECO
146,1619.303,68.017,1110.07,1164.81,4.387,42.03,43.729,0,-9.074,1.133,-4.792,-0.189,4.721,MECO
147,1614.166,69.117,1106.6,1167.277,1.465,43.196,43.605,0,-2.922,1.1,-5.137,-0.124,4.706,COAST
148,1608.055,70.217,1102.178,1167.187,0.945,44.363,43.538,0,-0.52,1.1,-6.111,-0.067,4.6882,COAST
149,1602.222,71.217,1097.733,1165.743,0.566,45.53,43.425,0,-0.379,1,-5.833,-0.113,4.6712,COAST
150,1595.277,72.35,1093.267,1164.635,0.283,46.695,43.273,0,-0.283,1.133,-6.945,-0.152,4.651,COAST
151,1588.47,73.484,1088.8,1164.302,0.119,47.859,43.062,0,-0.164,1.134,-6.807,-0.211,4.6311,COAST
152,1581.944,74.584,1084.044,1164.872,0.045,49.024,42.851,0,-0.074,1.1,-6.526,-0.211,4.6121,COAST
153,1575.555,75.617,1077.349,1165.746,0.214,50.189,42.644,0,0.169,1.033,-6.389,-0.207,4.5935,COAST
154,1568.888,76.75,1068.511,1167.025,1.281,51.356,42.464,0,1.067,1.133,-6.667,-0.18,4.574,COAST
155,1565.609,77.75,1058.2,1168.805,3.498,52.523,42.263,0,2.217,1,-3.279,-0.201,4.5645,COAST
156,1566.146,78.817,1047.53,1171.219,5.81,53.693,42.038,0,2.312,1.067,0.537,-0.225,4.566,STAGE2_BURN
157,1567.445,79.85,1040.756,1174.438,7.384,54.866,41.753,0,1.574,1.033,1.299,-0.285,4.5698,STAGE2_BURN
158,1569.028,80.884,1035.606,1178.677,7.857,56.043,41.433,0,0.473,1.034,1.583,-0.32,4.5744,STAGE2_BURN
159,1570.904,81.884,1031.889,1184.02,8.079,57.224,41.08,0,0.222,1,1.876,-0.353,4.5799,STAGE2_BURN
160,1572.834,82.917,1028.415,1190.397,8.167,58.411,40.746,0,0.088,1.033,1.93,-0.334,4.5855,STAGE2_BURN
161,1574.862,83.984,1023.086,1197.532,8.198,59.605,40.417,0,0.031,1.067,2.028,-0.329,4.5914,STAGE2_BURN
162,1576.875,84.984,1016.783,1205.167,8.205,60.807,40.106,0,0.007,1,2.013,-0.311,4.5973,STAGE2_BURN
163,1578.888,86.017,1010.85,1212.956,8.219,62.016,39.782,0,0.014,1.033,2.013,-0.324,4.6032,STAGE2_BURN
164,1581.111,86.984,1005.129,1220.708,8.242,63.233,39.452,0,0.023,0.967,2.223,-0.33,4.6097,STAGE2_BURN
165,1583.333,88,998.064,1228.314,8.25,64.457,39.115,0,0.008,1.016,2.222,-0.337,4.6161,STAGE2_BURN
166,1585.626,89.017,992.63,1235.746,8.252,65.689,38.788,0,0.002,1.017,2.293,-0.327,4.6228,STAGE2_BURN
167,1587.848,89.984,987.799,1242.835,8.252,66.928,38.486,0,0,0.967,2.222,-0.302,4.6293,STAGE2_BURN
168,1590.208,90.95,983.151,1249.444,8.26,68.175,38.206,0,0.008,0.966,2.36,-0.28,4.6362,STAGE2_BURN
169,1592.594,91.95,978.29,1255.55,8.286,69.427,37.962,0,0.026,1,2.386,-0.244,4.6431,STAGE2_BURN
170,1595,92.884,975.382,1261.24,8.324,70.685,37.717,0,0.038,0.934,2.406,-0.245,4.6501,STAGE2_BURN
171,1597.64,93.817,972.996,1266.634,8.382,71.949,37.474,0,0.058,0.933,2.64,-0.243,4.6578,STAGE2_BURN
172,1600.348,94.825,971.071,1271.918,8.417,73.219,37.219,0,0.035,1.008,2.708,-0.255,4.6657,STAGE2_BURN
173,1602.986,95.817,969.237,1277.247,8.452,74.493,36.984,0,0.035,0.992,2.638,-0.235,4.6734,STAGE2_BURN
174,1605.695,96.75,967.434,1282.734,8.474,75.773,36.778,0,0.022,0.933,2.709,-0.206,4.6813,STAGE2_BURN
175,1608.797,97.75,964.701,1288.453,8.509,77.059,36.603,0,0.035,1,3.102,-0.175,4.6904,STAGE2_BURN
176,1611.666,98.717,961.076,1294.536,8.529,78.35,36.427,0,0.02,0.967,2.869,-0.176,4.6987,STAGE2_BURN
177,1614.539,99.654,956.447,1301.059,8.538,79.648,36.228,0,0.009,0.937,2.873,-0.199,4.7071,STAGE2_BURN
178,1617.499,100.577,950.955,1308.068,8.555,80.953,35.988,0,0.017,0.923,2.96,-0.24,4.7157,STAGE2_BURN
179,1620.277,101.5,945.873,1315.508,8.582,82.264,35.7,0,0.027,0.923,2.778,-0.288,4.7238,STAGE2_BURN
180,1623.611,102.468,941.727,1323.271,8.627,83.584,35.377,0,0.045,0.968,3.334,-0.323,4.7336,STAGE2_BURN
181,1626.852,103.436,936.024,1331.15,8.652,84.911,35.068,0,0.025,0.968,3.241,-0.309,4.743,STAGE2_BURN
182,1630.094,104.375,929.7,1338.958,8.659,86.246,34.795,0,0.007,0.939,3.242,-0.273,4.7525,STAGE2_BURN
183,1633.241,105.288,923.576,1346.598,8.662,87.589,34.538,0,0.003,0.913,3.147,-0.257,4.7616,STAGE2_BURN
184,1636.438,106.197,917.468,1354.061,8.679,88.939,34.276,0,0.017,0.909,3.197,-0.262,4.771,STAGE2_BURN
185,1639.908,107.106,911.779,1361.42,8.72,90.297,33.997,0,0.041,0.909,3.47,-0.279,4.7811,STAGE2_BURN
186,1643.374,108.015,908.477,1368.718,8.746,91.662,33.706,0,0.026,0.909,3.466,-0.291,4.7912,STAGE2_BURN
187,1646.944,108.925,905.804,1375.981,8.765,93.034,33.395,0,0.019,0.91,3.57,-0.311,4.8016,STAGE2_BURN
188,1650.65,109.824,902.613,1383.199,8.774,94.414,33.083,0,0.009,0.899,3.706,-0.312,4.8124,STAGE2_BURN
189,1654.166,110.719,898.47,1390.389,8.804,95.801,32.787,0,0.03,0.895,3.516,-0.296,4.8226,STAGE2_BURN
190,1658.196,111.643,893.361,1397.513,8.838,97.195,32.527,0,0.034,0.924,4.03,-0.26,4.8344,STAGE2_BURN
191,1661.852,112.5,887.734,1404.557,8.874,98.596,32.286,0,0.036,0.857,3.656,-0.241,4.845,STAGE2_BURN
192,1665.696,113.383,882.351,1411.572,8.885,100.004,32.053,0,0.011,0.883,3.844,-0.233,4.8563,STAGE2_BURN
193,1669.585,114.265,878.076,1418.66,8.895,101.419,31.806,0,0.01,0.882,3.889,-0.247,4.8676,STAGE2_BURN
194,1673.705,115.147,874.487,1425.888,8.908,102.841,31.545,0,0.013,0.882,4.12,-0.261,4.8796,STAGE2_BURN
195,1677.5,116,871.436,1433.319,8.949,104.271,31.261,0,0.041,0.853,3.795,-0.284,4.8907,STAGE2_BURN
196,1681.529,116.853,868.835,1441.007,8.998,105.708,30.967,0,0.049,0.853,4.029,-0.294,4.9024,STAGE2_BURN
197,1685.928,117.736,866.429,1448.988,9.042,107.153,30.659,0,0.044,0.883,4.399,-0.308,4.9152,STAGE2_BURN
198,1690.141,118.615,859.884,1457.153,9.062,108.606,30.375,0,0.02,0.879,4.213,-0.284,4.9275,STAGE2_BURN
199,1694.444,119.472,851.752,1465.392,9.055,110.067,30.122,0,-0.007,0.857,4.303,-0.253,4.9401,STAGE2_BURN
200,1698.752,120.329,843.616,1473.603,9.047,111.537,29.9,0,-0.008,0.857,4.308,-0.222,4.9526,STAGE2_BURN
201,1703.055,121.132,836.067,1481.748,9.049,113.014,29.666,0,0.002,0.803,4.303,-0.234,4.9652,STAGE2_BURN
202,1707.594,121.945,828.987,1489.765,9.074,114.5,29.423,0,0.025,0.813,4.539,-0.243,4.9784,STAGE2_BURN
203,1712.085,122.778,826.209,1497.629,9.116,115.994,29.154,0,0.042,0.833,4.491,-0.269,4.9915,STAGE2_BURN
204,1716.529,123.609,825.499,1505.299,9.173,117.495,28.875,0,0.057,0.831,4.444,-0.279,5.0045,STAGE2_BURN
205,1721.388,124.419,824.863,1512.824,9.24,119.004,28.594,0,0.067,0.81,4.859,-0.281,5.0186,STAGE2_BURN
206,1726.252,125.294,821.455,1520.281,9.282,120.521,28.337,0,0.042,0.875,4.864,-0.257,5.0328,STAGE2_BURN
207,1731.252,126.122,816.818,1527.781,9.312,122.045,28.087,0,0.03,0.828,5,-0.25,5.0474,STAGE2_BURN
208,1736.019,126.921,811.115,1535.395,9.338,123.577,27.854,0,0.026,0.799,4.767,-0.233,5.0613,STAGE2_BURN
209,1740.833,127.717,804.8,1543.184,9.384,125.116,27.615,0,0.046,0.796,4.814,-0.239,5.0753,STAGE2_BURN
210,1745.974,128.526,798.349,1551.143,9.423,126.663,27.366,0,0.039,0.809,5.141,-0.249,5.0903,STAGE2_BURN
211,1751.111,129.295,794.423,1559.218,9.435,128.218,27.094,0,0.012,0.769,5.137,-0.272,5.1053,STAGE2_BURN
212,1756.3,130.112,791.297,1567.309,9.426,129.782,26.83,0,-0.009,0.817,5.189,-0.264,5.1204,STAGE2_BURN
213,1761.529,130.9,788.414,1575.389,9.417,131.353,26.563,0,-0.009,0.788,5.229,-0.267,5.1357,STAGE2_BURN
214,1766.388,131.65,784.659,1583.504,9.428,132.932,26.299,0,0.011,0.75,4.859,-0.264,5.1498,STAGE2_BURN
215,1771.666,132.4,780.594,1591.7,9.45,134.52,26.03,0,0.022,0.75,5.278,-0.269,5.1652,STAGE2_BURN
216,1777.222,133.222,775.708,1600.022,9.488,136.116,25.772,0,0.038,0.822,5.556,-0.258,5.1814,STAGE2_BURN
217,1782.777,134.013,769.288,1608.509,9.517,137.72,25.518,0,0.029,0.791,5.555,-0.254,5.1976,STAGE2_BURN
218,1788.196,134.775,762.187,1617.173,9.54,139.333,25.274,0,0.023,0.762,5.419,-0.244,5.2134,STAGE2_BURN
219,1793.752,135.525,755.802,1625.971,9.547,140.954,25.027,0,0.007,0.75,5.556,-0.247,5.2296,STAGE2_BURN
220,1799.166,136.275,750.051,1634.839,9.554,142.585,24.77,0,0.007,0.75,5.414,-0.257,5.2454,STAGE2_BURN
221,1804.863,137.012,744.87,1643.703,9.559,144.224,24.498,0,0.005,0.737,5.697,-0.272,5.262,STAGE2_BURN
222,1810.555,137.75,740.551,1652.488,9.56,145.872,24.225,0,0.001,0.738,5.692,-0.273,5.2786,STAGE2_BURN
223,1816.388,138.5,735.814,1661.086,9.56,147.529,23.952,0,0,0.75,5.833,-0.273,5.2956,STAGE2_BURN
224,1822.085,139.232,730.757,1669.437,9.559,149.194,23.681,0,-0.001,0.732,5.697,-0.271,5.3122,STAGE2_BURN
225,1827.918,139.953,725.55,1677.552,9.576,150.868,23.399,0,0.017,0.721,5.833,-0.282,5.3292,STAGE2_BURN
226,1833.708,140.667,720.696,1685.5,9.611,152.549,23.133,0,0.035,0.714,5.79,-0.266,5.3461,STAGE2_BURN
227,1840.057,141.381,716.944,1693.356,9.665,154.239,22.888,0,0.054,0.714,6.349,-0.245,5.3646,STAGE2_BURN
228,1846.111,142.096,715.115,1701.199,9.719,155.936,22.678,0,0.054,0.715,6.054,-0.21,5.3822,STAGE2_BURN
229,1852.222,142.81,714.43,1709.084,9.765,157.641,22.492,0,0.046,0.714,6.111,-0.186,5.4001,STAGE2_BURN
230,1858.333,143.524,713.534,1717.05,9.816,159.354,22.346,0,0.051,0.714,6.111,-0.146,5.4179,STAGE2_BURN
231,1864.722,144.239,711.151,1725.121,9.856,161.075,22.214,0,0.04,0.715,6.389,-0.132,5.4365,STAGE2_BURN
232,1871.111,144.873,706.384,1733.338,9.898,162.805,22.069,0,0.042,0.634,6.389,-0.145,5.4551,STAGE2_BURN
233,1877.392,145.461,701.016,1741.756,9.918,164.542,21.883,0,0.02,0.588,6.281,-0.186,5.4734,STAGE2_BURN
234,1883.888,146.3,695.628,1750.415,9.939,166.288,21.677,0,0.021,0.839,6.496,-0.206,5.4924,STAGE2_BURN
235,1890.555,147.029,690.552,1759.285,9.955,168.043,21.477,0,0.016,0.729,6.667,-0.2,5.5118,STAGE2_BURN
236,1897.053,147.719,686.049,1768.279,9.979,169.807,21.308,0,0.024,0.69,6.498,-0.169,5.5308,STAGE2_BURN
237,1903.576,148.408,682.094,1777.284,10.022,171.58,21.147,0,0.043,0.689,6.523,-0.161,5.5498,STAGE2_BURN
238,1910.555,149.091,677.73,1786.264,10.074,173.361,20.968,0,0.052,0.683,6.979,-0.179,5.5701,STAGE2_BURN
239,1917.222,149.761,672.986,1795.249,10.137,175.152,20.75,0,0.063,0.67,6.667,-0.218,5.5896,STAGE2_BURN
240,1924.17,150.413,668.362,1804.266,10.195,176.952,20.505,0,0.058,0.652,6.948,-0.245,5.6098,STAGE2_BURN
241,1930.974,151.078,664.18,1813.351,10.232,178.761,20.221,0,0.037,0.665,6.804,-0.284,5.6297,STAGE2_BURN
242,1938.055,151.745,660.541,1822.493,10.245,180.579,19.929,0,0.013,0.667,7.081,-0.292,5.6503,STAGE2_BURN
243,1945.141,152.411,655.337,1831.709,10.23,182.406,19.658,0,-0.015,0.666,7.086,-0.271,5.671,STAGE2_BURN
244,1952.363,153.066,649.678,1840.961,10.205,184.242,19.432,0,-0.025,0.655,7.222,-0.226,5.692,STAGE2_BURN
245,1959.444,153.704,643.852,1850.259,10.186,186.088,19.218,0,-0.019,0.638,7.081,-0.214,5.7127,STAGE2_BURN
246,1966.388,154.316,638.322,1859.581,10.183,187.943,19.001,0,-0.003,0.612,6.944,-0.217,5.7329,STAGE2_BURN
247,1973.055,154.957,633.144,1868.933,10.193,189.807,18.771,0,0.01,0.641,6.667,-0.23,5.7523,STAGE2_BURN
248,1980.833,155.604,629.216,1878.259,10.215,191.68,18.519,0,0.022,0.647,7.778,-0.252,5.775,STAGE2_BURN
249,1988.055,156.229,625.045,1887.499,10.284,193.563,18.264,0,0.069,0.625,7.222,-0.255,5.7961,STAGE2_BURN
250,1995.837,156.847,620.594,1896.648,10.372,195.455,18.028,0,0.088,0.618,7.782,-0.236,5.8188,STAGE2_BURN
251,2003.055,157.46,615.987,1905.755,10.432,197.357,17.823,0,0.06,0.613,7.218,-0.205,5.8398,STAGE2_BURN
252,2010.833,158.072,612.051,1914.928,10.403,199.267,17.641,0,-0.029,0.612,7.778,-0.182,5.8625,STAGE2_BURN
253,2018.333,158.68,609.172,1924.208,10.376,201.187,17.478,0,-0.027,0.608,7.5,-0.163,5.8844,STAGE2_BURN
254,2026.111,159.28,606.541,1933.574,10.382,203.115,17.323,0,0.006,0.6,7.778,-0.155,5.907,STAGE2_BURN
255,2033.333,159.834,601.989,1942.968,10.479,205.054,17.159,0,0.097,0.554,7.222,-0.164,5.9281,STAGE2_BURN
256,2040.698,160.36,596.607,1952.335,10.576,207.001,16.985,0,0.097,0.526,7.365,-0.174,5.9496,STAGE2_BURN
257,2049.166,161.012,591.458,1961.684,10.674,208.958,16.818,0,0.098,0.652,8.468,-0.167,5.9742,STAGE2_BURN
258,2057.23,161.673,586.936,1971.026,10.713,210.925,16.673,0,0.039,0.661,8.064,-0.145,5.9978,STAGE2_BURN
259,2065.555,162.25,583.265,1980.424,10.724,212.9,16.55,0,0.011,0.577,8.325,-0.123,6.022,STAGE2_BURN
260,2073.611,162.821,581.387,1989.887,10.705,214.886,16.43,0,-0.019,0.571,8.056,-0.12,6.0455,STAGE2_BURN
261,2081.666,163.387,580.203,1999.437,10.68,216.88,16.288,0,-0.025,0.566,8.055,-0.142,6.069,STAGE2_BURN
262,2089.722,163.971,578.324,2009.037,10.668,218.884,16.115,0,-0.012,0.584,8.056,-0.173,6.0925,STAGE2_BURN
263,2098.333,164.559,575.138,2018.702,10.683,220.898,15.92,0,0.015,0.588,8.611,-0.195,6.1176,STAGE2_BURN
264,2106.388,165.147,569.48,2028.463,10.743,222.922,15.709,0,0.06,0.588,8.055,-0.211,6.1411,STAGE2_BURN
265,2114.722,165.719,563.461,2038.363,10.815,224.955,15.49,0,0.072,0.572,8.334,-0.219,6.1654,STAGE2_BURN
266,2123.333,166.264,557.488,2048.427,10.873,226.999,15.278,0,0.058,0.545,8.611,-0.212,6.1905,STAGE2_BURN
267,2131.531,166.809,551.842,2058.622,10.901,229.052,15.076,0,0.028,0.545,8.198,-0.202,6.2144,STAGE2_BURN
268,2140,167.355,546.31,2068.905,10.915,231.116,14.877,0,0.014,0.546,8.469,-0.199,6.2391,STAGE2_BURN
269,2148.611,167.901,541.859,2079.168,10.962,233.19,14.675,0,0.047,0.546,8.611,-0.202,6.2642,STAGE2_BURN
270,2157.5,168.446,537.513,2089.344,11.025,235.274,14.482,0,0.063,0.545,8.889,-0.193,6.2901,STAGE2_BURN
271,2165.833,168.974,533.048,2099.386,11.105,237.369,14.303,0,0.08,0.528,8.333,-0.179,6.3144,STAGE2_BURN
272,2174.722,169.5,528.778,2109.322,11.14,239.473,14.14,0,0.035,0.526,8.889,-0.163,6.3403,STAGE2_BURN
273,2183.611,170.017,525.159,2119.219,11.161,241.587,13.984,0,0.021,0.517,8.889,-0.156,6.3662,STAGE2_BURN
274,2192.777,170.535,522.672,2129.131,11.167,243.711,13.828,0,0.006,0.518,9.166,-0.156,6.3929,STAGE2_BURN
275,2201.944,171.062,520.856,2139.105,11.204,245.846,13.668,0,0.037,0.527,9.167,-0.16,6.4197,STAGE2_BURN
276,2210.277,171.587,518.931,2149.131,11.24,247.99,13.509,0,0.036,0.525,8.333,-0.159,6.444,STAGE2_BURN
277,2219.307,172.104,515.937,2159.222,11.277,250.144,13.354,0,0.037,0.517,9.03,-0.155,6.4703,STAGE2_BURN
278,2228.474,172.619,511.483,2169.378,11.283,252.308,13.208,0,0.006,0.515,9.167,-0.146,6.497,STAGE2_BURN
279,2237.5,173.127,506.189,2179.618,11.276,254.483,13.067,0,-0.007,0.508,9.026,-0.141,6.5233,STAGE2_BURN
280,2246.944,173.629,500.857,2189.962,11.283,256.667,12.923,0,0.007,0.502,9.444,-0.144,6.5509,STAGE2_BURN
281,2256.111,174.113,496.183,2200.425,11.32,258.863,12.77,0,0.037,0.484,9.167,-0.153,6.5776,STAGE2_BURN
282,2265.277,174.598,492.568,2211.022,11.387,261.068,12.609,0,0.067,0.485,9.166,-0.161,6.6043,STAGE2_BURN
283,2274.722,175.091,489.92,2221.682,11.423,263.285,12.443,0,0.036,0.493,9.445,-0.166,6.6318,STAGE2_BURN
284,2284.722,175.583,487.152,2232.353,11.459,265.512,12.282,0,0.036,0.492,10,-0.161,6.661,STAGE2_BURN
285,2294.444,176.074,483.385,2243.003,11.497,267.749,12.132,0,0.038,0.491,9.722,-0.15,6.6893,STAGE2_BURN
286,2303.888,176.562,478.864,2253.668,11.566,269.998,11.991,0,0.069,0.488,9.444,-0.141,6.7169,STAGE2_BURN
287,2313.888,177.024,474.17,2264.381,11.635,272.257,11.851,0,0.069,0.462,10,-0.14,6.746,STAGE2_BURN
288,2323.333,177.485,469.971,2275.173,11.705,274.527,11.707,0,0.07,0.461,9.445,-0.144,6.7736,STAGE2_BURN
289,2333.333,177.953,466.43,2286.075,11.773,276.807,11.555,0,0.068,0.468,10,-0.152,6.8027,STAGE2_BURN
290,2343.055,178.422,463.467,2297.069,11.809,279.099,11.396,0,0.036,0.469,9.722,-0.159,6.8311,STAGE2_BURN
291,2353.055,178.885,459.981,2308.123,11.815,281.401,11.237,0,0.006,0.463,10,-0.159,6.8602,STAGE2_BURN
292,2363.333,179.347,455.577,2319.204,11.79,283.715,11.082,0,-0.025,0.462,10.278,-0.155,6.8902,STAGE2_BURN
293,2373.333,179.795,450.375,2330.321,11.796,286.04,10.93,0,0.006,0.448,10,-0.152,6.9193,STAGE2_BURN
294,2383.333,180.236,445.06,2341.514,11.833,288.376,10.777,0,0.037,0.441,10,-0.153,6.9485,STAGE2_BURN
295,2394.166,180.674,440.172,2352.748,11.901,290.723,10.622,0,0.068,0.438,10.833,-0.155,6.9801,STAGE2_BURN
296,2404.444,181.109,435.831,2364.034,11.969,293.081,10.467,0,0.068,0.435,10.278,-0.155,7.01,STAGE2_BURN
297,2413.888,181.543,431.636,2375.306,12.006,295.451,10.313,0,0.037,0.434,9.444,-0.154,7.0376,STAGE2_BURN
298,2424.166,181.971,427.333,2386.58,12.044,297.832,10.166,0,0.038,0.428,10.278,-0.147,7.0675,STAGE2_BURN
299,2434.722,182.4,422.882,2397.827,12.052,300.224,10.027,0,0.008,0.429,10.556,-0.139,7.0983,STAGE2_BURN
300,2445.277,182.811,418.624,2409.043,12.093,302.627,9.897,0,0.041,0.411,10.555,-0.13,7.1291,STAGE2_BURN
301,2455.833,183.216,414.844,2420.225,12.104,305.042,9.777,0,0.011,0.405,10.556,-0.12,7.1599,STAGE2_BURN
302,2465.833,183.625,412.036,2431.414,12.116,307.468,9.66,0,0.012,0.409,10,-0.117,7.189,STAGE2_BURN
303,2477.222,184.042,409.819,2442.656,12.128,309.905,9.542,0,0.012,0.417,11.389,-0.118,7.2222,STAGE2_BURN
304,2487.777,184.459,408.006,2453.98,12.17,312.353,9.421,0,0.042,0.417,10.555,-0.121,7.253,STAGE2_BURN
305,2498.611,184.856,405.838,2465.391,12.243,314.813,9.299,0,0.073,0.397,10.834,-0.122,7.2846,STAGE2_BURN
306,2509.166,185.25,403.579,2476.91,12.316,317.284,9.175,0,0.073,0.394,10.555,-0.124,7.3154,STAGE2_BURN
307,2520,185.651,400.538,2488.554,12.389,319.767,9.052,0,0.073,0.401,10.834,-0.123,7.3469,STAGE2_BURN
308,2531.111,186.062,395.67,2500.352,12.462,322.261,8.932,0,0.073,0.411,11.111,-0.12,7.3793,STAGE2_BURN
309,2542.222,186.472,390.619,2512.247,12.535,324.768,8.818,0,0.073,0.41,11.111,-0.114,7.4117,STAGE2_BURN
310,2553.611,186.837,385.791,2524.234,12.609,327.286,8.705,0,0.074,0.365,11.389,-0.113,7.4449,STAGE2_BURN
311,2565.277,187.199,380.87,2536.276,12.683,329.816,8.588,0,0.074,0.362,11.666,-0.117,7.4789,STAGE2_BURN
312,2576.388,187.565,376.417,2548.381,12.725,332.358,8.466,0,0.042,0.366,11.111,-0.122,7.5113,STAGE2_BURN
313,2587.777,187.949,373.773,2560.52,12.736,334.913,8.341,0,0.011,0.384,11.389,-0.125,7.5445,STAGE2_BURN
314,2599.166,188.334,371.046,2572.662,12.716,337.479,8.217,0,-0.02,0.385,11.389,-0.124,7.5777,STAGE2_BURN
315,2611.111,188.705,367.987,2584.816,12.758,340.058,8.096,0,0.042,0.371,11.945,-0.121,7.6126,STAGE2_BURN
316,2621.944,189.066,365.016,2596.995,12.863,342.649,7.979,0,0.105,0.361,10.833,-0.117,7.6442,STAGE2_BURN
317,2633.888,189.428,361.815,2609.235,12.998,345.252,7.864,0,0.135,0.362,11.944,-0.115,7.679,STAGE2_BURN
318,2646.111,189.786,357.948,2621.552,13.072,347.868,7.748,0,0.074,0.358,12.223,-0.116,7.7146,STAGE2_BURN
319,2657.222,190.143,353.166,2633.967,13.114,350.495,7.629,0,0.042,0.357,11.111,-0.119,7.747,STAGE2_BURN
320,2669.444,190.5,348.027,2646.453,13.126,353.136,7.506,0,0.012,0.357,12.222,-0.123,7.7826,STAGE2_BURN
321,2681.111,190.833,342.69,2658.987,13.167,355.788,7.381,0,0.041,0.333,11.667,-0.125,7.8167,STAGE2_BURN
322,2692.777,191.167,337.855,2671.586,13.147,358.454,7.257,0,-0.02,0.334,11.666,-0.124,7.8507,STAGE2_BURN
323,2705,191.5,333.738,2684.212,13.189,361.131,7.135,0,0.042,0.333,12.223,-0.122,7.8863,STAGE2_BURN
324,2717.222,191.83,330.523,2696.873,13.201,363.822,7.014,0,0.012,0.33,12.222,-0.121,7.9219,STAGE2_BURN
325,2728.888,192.16,327.511,2709.555,13.274,366.525,6.896,0,0.073,0.33,11.666,-0.118,7.9559,STAGE2_BURN
326,2741.666,192.489,324.321,2722.245,13.287,369.241,6.783,0,0.013,0.329,12.778,-0.113,7.9932,STAGE2_BURN
327,2753.611,192.806,320.535,2734.975,13.331,371.97,6.676,0,0.044,0.317,11.945,-0.107,8.028,STAGE2_BURN
328,2765.833,193.121,316.414,2747.738,13.377,374.711,6.575,0,0.046,0.315,12.222,-0.101,8.0637,STAGE2_BURN
329,2778.611,193.437,312.308,2760.588,13.453,377.465,6.478,0,0.076,0.316,12.778,-0.097,8.1009,STAGE2_BURN
330,2790.555,193.742,308.601,2773.535,13.53,380.232,6.382,0,0.077,0.305,11.944,-0.096,8.1357,STAGE2_BURN
331,2803.055,194.045,305.371,2786.586,13.607,383.012,6.285,0,0.077,0.303,12.5,-0.097,8.1722,STAGE2_BURN
332,2815.833,194.348,302.599,2799.735,13.715,385.806,6.188,0,0.108,0.303,12.778,-0.097,8.2094,STAGE2_BURN
333,2828.333,194.649,300.068,2812.971,13.823,388.612,6.091,0,0.108,0.301,12.5,-0.097,8.2459,STAGE2_BURN
334,2841.944,194.946,297.485,2826.262,13.931,391.432,5.996,0,0.108,0.297,13.611,-0.095,8.2856,STAGE2_BURN
335,2855,195.243,294.538,2839.59,13.978,394.264,5.904,0,0.047,0.297,13.056,-0.092,8.3236,STAGE2_BURN
336,2868.055,195.538,291.223,2852.955,13.994,397.111,5.812,0,0.016,0.295,13.055,-0.092,8.3617,STAGE2_BURN
337,2881.111,195.821,287.559,2866.367,13.979,399.97,5.721,0,-0.015,0.283,13.056,-0.091,8.3997,STAGE2_BURN
338,2893.888,196.104,283.72,2879.833,13.964,402.843,5.628,0,-0.015,0.283,12.777,-0.093,8.437,STAGE2_BURN
339,2906.944,196.387,279.943,2893.34,13.949,405.73,5.534,0,-0.015,0.283,13.056,-0.094,8.4751,STAGE2_BURN
340,2919.722,196.662,276.393,2906.886,13.964,408.63,5.438,0,0.015,0.275,12.778,-0.096,8.5123,STAGE2_BURN
341,2932.777,196.933,272.894,2920.496,14.01,411.544,5.341,0,0.046,0.271,13.055,-0.097,8.5504,STAGE2_BURN
342,2946.111,197.203,269.212,2934.18,14.118,414.471,5.242,0,0.108,0.27,13.334,-0.099,8.5892,STAGE2_BURN
343,2960,197.473,265.607,2947.955,14.225,417.412,5.143,0,0.107,0.27,13.889,-0.099,8.6297,STAGE2_BURN
344,2973.611,197.731,261.928,2961.833,14.333,420.367,5.045,0,0.108,0.258,13.611,-0.098,8.6694,STAGE2_BURN
345,2986.944,197.987,258.08,2975.818,14.379,423.336,4.949,0,0.046,0.256,13.333,-0.096,8.7083,STAGE2_BURN
346,3000.833,198.244,253.718,2989.88,14.425,426.319,4.854,0,0.046,0.257,13.889,-0.095,8.7488,STAGE2_BURN
347,3014.444,198.5,249.448,3003.984,14.472,429.316,4.762,0,0.047,0.256,13.611,-0.092,8.7885,STAGE2_BURN
348,3027.777,198.738,245.264,3018.11,14.551,432.327,4.674,0,0.079,0.238,13.333,-0.088,8.8273,STAGE2_BURN
349,3041.944,198.976,241.463,3032.276,14.629,435.352,4.587,0,0.078,0.238,14.167,-0.087,8.8686,STAGE2_BURN
350,3055.833,199.214,237.937,3046.516,14.708,438.391,4.5,0,0.079,0.238,13.889,-0.087,8.9091,STAGE2_BURN
351,3070,199.452,235.182,3060.864,14.786,441.445,4.414,0,0.078,0.238,14.167,-0.086,8.9504,STAGE2_BURN
352,3084.166,199.683,232.812,3075.324,14.865,444.513,4.329,0,0.079,0.231,14.166,-0.085,8.9917,STAGE2_BURN
353,3097.777,199.912,230.36,3089.919,14.975,447.596,4.246,0,0.11,0.229,13.611,-0.083,9.0314,STAGE2_BURN
354,3112.777,200.141,227.238,3104.63,15.116,450.693,4.164,0,0.141,0.229,15,-0.082,9.0752,STAGE2_BURN
355,3127.5,200.37,223.591,3119.432,15.258,453.805,4.084,0,0.142,0.229,14.723,-0.08,9.1181,STAGE2_BURN
356,3141.944,200.591,219.724,3134.287,15.338,456.932,4.006,0,0.08,0.221,14.444,-0.078,9.1602,STAGE2_BURN
357,3156.666,200.801,215.817,3149.181,15.356,460.074,3.928,0,0.018,0.21,14.722,-0.078,9.2031,STAGE2_BURN
358,3171.666,201.011,212,3164.163,15.343,463.23,3.848,0,-0.013,0.21,15,-0.08,9.2468,STAGE2_BURN
359,3186.111,201.22,208.321,3179.251,15.361,466.402,3.769,0,0.018,0.209,14.445,-0.079,9.289,STAGE2_BURN
360,3201.111,201.43,204.948,3194.367,15.41,469.589,3.692,0,0.049,0.21,15,-0.077,9.3327,STAGE2_BURN
361,3215.555,201.63,201.795,3209.507,15.491,472.791,3.617,0,0.081,0.2,14.444,-0.075,9.3748,STAGE2_BURN
362,3230.277,201.825,198.842,3224.644,15.51,476.008,3.545,0,0.019,0.195,14.722,-0.072,9.4177,STAGE2_BURN
363,3245.555,202.02,196.009,3239.845,15.53,479.24,3.476,0,0.02,0.195,15.278,-0.069,9.4623,STAGE2_BURN
364,3261.111,202.214,193.345,3255.101,15.55,482.488,3.41,0,0.02,0.194,15.556,-0.066,9.5076,STAGE2_BURN
365,3276.666,202.409,190.757,3270.419,15.694,485.75,3.346,0,0.144,0.195,15.555,-0.064,9.553,STAGE2_BURN
366,3291.388,202.597,188.195,3285.81,15.838,489.029,3.281,0,0.144,0.188,14.722,-0.065,9.5959,STAGE2_BURN
367,3305.833,202.779,185.749,3301.311,15.981,492.322,3.216,0,0.143,0.182,14.445,-0.065,9.638,STAGE2_BURN
368,3322.222,202.961,183.292,3316.936,16.063,495.631,3.149,0,0.082,0.182,16.389,-0.067,9.6858,STAGE2_BURN
369,3337.222,203.142,180.676,3332.663,16.145,498.956,3.084,0,0.082,0.181,15,-0.065,9.7295,STAGE2_BURN
370,3353.055,203.324,177.473,3348.48,16.227,502.297,3.019,0,0.082,0.182,15.833,-0.065,9.7757,STAGE2_BURN
371,3368.888,203.505,173.833,3364.428,16.279,505.653,2.954,0,0.052,0.181,15.833,-0.065,9.8218,STAGE2_BURN
372,3384.444,203.668,169.92,3380.592,16.33,509.026,2.887,0,0.051,0.163,15.556,-0.067,9.8672,STAGE2_BURN
373,3401.111,203.83,166.457,3396.981,16.442,512.414,2.818,0,0.112,0.162,16.667,-0.069,9.9158,STAGE2_BURN
374,3417.777,203.992,163.446,3413.523,16.646,515.82,2.746,0,0.204,0.162,16.666,-0.072,9.9644,STAGE2_BURN
375,3433.611,204.154,160.797,3430.172,16.881,519.241,2.673,0,0.235,0.162,15.834,-0.073,10.0105,STAGE2_BURN
376,3449.722,204.316,157.556,3446.865,17.024,522.68,2.603,0,0.143,0.162,16.111,-0.07,10.0575,STAGE2_BURN
377,3467.222,204.478,153.663,3463.584,17.075,526.135,2.537,0,0.051,0.162,17.5,-0.066,10.1085,STAGE2_BURN
378,3483.888,204.621,149.2,3480.285,17.065,529.607,2.475,0,-0.01,0.143,16.666,-0.062,10.1571,STAGE2_BURN
379,3500.555,204.76,145.106,3496.954,17.055,533.096,2.415,0,-0.01,0.139,16.667,-0.06,10.2057,STAGE2_BURN
380,3517.222,204.9,141.944,3513.641,17.046,536.601,2.353,0,-0.009,0.14,16.667,-0.062,10.2543,STAGE2_BURN
381,3533.055,205.04,139.952,3530.396,17.036,540.123,2.291,0,-0.01,0.14,15.833,-0.062,10.3005,STAGE2_BURN
382,3549.444,205.179,138.352,3547.222,17.057,543.662,2.229,0,0.021,0.139,16.389,-0.062,10.3482,STAGE2_BURN
383,3566.388,205.319,136.239,3564.084,17.141,547.218,2.172,0,0.084,0.14,16.944,-0.057,10.3976,STAGE2_BURN
384,3582.777,205.458,133.271,3581.006,17.287,550.79,2.121,0,0.146,0.139,16.389,-0.051,10.4454,STAGE2_BURN
385,3600.277,205.585,129.781,3598.078,17.465,554.38,2.076,0,0.178,0.127,17.5,-0.045,10.4964,STAGE2_BURN
386,3617.777,205.707,126.451,3615.368,17.612,557.986,2.032,0,0.147,0.122,17.5,-0.044,10.5475,STAGE2_BURN
387,3635.277,205.828,123.804,3632.852,17.727,561.61,1.985,0,0.115,0.121,17.5,-0.047,10.5985,STAGE2_BURN
388,3652.5,205.949,122.239,3650.47,17.78,565.252,1.932,0,0.053,0.121,17.223,-0.053,10.6487,STAGE2_BURN
389,3669.722,206.071,121.312,3668.145,17.802,568.911,1.874,0,0.022,0.122,17.222,-0.058,10.6989,STAGE2_BURN
390,3687.777,206.192,120.034,3685.863,17.854,572.588,1.815,0,0.052,0.121,18.055,-0.059,10.7515,STAGE2_BURN
391,3705.833,206.314,117.348,3703.622,17.968,576.283,1.758,0,0.114,0.122,18.056,-0.057,10.8042,STAGE2_BURN
392,3723.888,206.435,113.078,3721.509,18.145,579.996,1.704,0,0.177,0.121,18.055,-0.054,10.8568,STAGE2_BURN
393,3741.111,206.544,107.913,3739.549,18.261,583.726,1.655,0,0.116,0.109,17.223,-0.049,10.907,STAGE2_BURN
394,3758.611,206.638,102.709,3757.801,18.346,587.475,1.609,0,0.085,0.094,17.5,-0.046,10.958,STAGE2_BURN
395,3776.944,206.732,98.377,3776.219,18.4,591.242,1.563,0,0.054,0.094,18.333,-0.046,11.0115,STAGE2_BURN
396,3795,206.826,95.574,3794.721,18.547,595.027,1.516,0,0.147,0.094,18.056,-0.047,11.0641,STAGE2_BURN
397,3814.444,206.92,94.354,3813.264,18.724,598.831,1.468,0,0.177,0.094,19.444,-0.048,11.1208,STAGE2_BURN
398,3833.611,207.014,94.029,3831.895,18.932,602.654,1.419,0,0.208,0.094,19.167,-0.049,11.1767,STAGE2_BURN
399,3852.777,207.108,94.029,3850.697,19.048,606.495,1.369,0,0.116,0.094,19.166,-0.05,11.2326,STAGE2_BURN
400,3871.111,207.202,93.448,3869.658,19.102,610.355,1.319,0,0.054,0.094,18.334,-0.05,11.286,STAGE2_BURN
401,3890,207.296,91.649,3888.728,19.094,614.235,1.27,0,-0.008,0.094,18.889,-0.049,11.3411,STAGE2_BURN
402,3908.055,207.39,87.813,3907.846,19.086,618.133,1.221,0,-0.008,0.094,18.055,-0.049,11.3937,STAGE2_BURN
403,3926.666,207.484,82.464,3926.666,19.171,622.05,1.174,0,0.085,0.094,18.611,-0.047,11.448,STAGE2_BURN
404,3946.944,207.552,76.301,3946.254,19.348,625.987,1.127,0,0.177,0.068,20.278,-0.047,11.5071,STAGE2_BURN
405,3966.944,207.615,70.603,3965.625,19.618,629.943,1.08,0,0.27,0.063,20,-0.047,11.5654,STAGE2_BURN
406,3985.833,207.677,66.123,3985.142,19.796,633.918,1.033,0,0.178,0.062,18.889,-0.047,11.6205,STAGE2_BURN
407,4005.555,207.74,63.68,4004.794,19.882,637.913,0.989,0,0.086,0.063,19.722,-0.044,11.678,STAGE2_BURN
408,4025.277,207.803,62.75,4024.591,19.876,641.928,0.95,0,-0.006,0.063,19.722,-0.039,11.7355,STAGE2_BURN
409,4044.444,207.865,62.633,4044.444,19.902,645.962,0.919,0,0.026,0.062,19.167,-0.031,11.7914,STAGE2_BURN
410,4065.277,207.928,62.633,4064.496,20.022,650.017,0.897,0,0.12,0.063,20.833,-0.022,11.8521,STAGE2_BURN
411,4085,207.991,62.633,4084.648,20.266,654.091,0.883,0,0.244,0.063,19.723,-0.014,11.9096,STAGE2_BURN
412,4105,208.053,62.633,4105,20.572,658.186,0.87,0,0.306,0.062,20,-0.013,11.9679,STAGE2_BURN
413,4125.555,208.116,62.633,4125.555,20.815,662.301,0.851,0,0.243,0.063,20.555,-0.019,12.0279,STAGE2_BURN
414,4146.944,208.179,62.633,4146.451,20.964,666.437,0.819,0,0.149,0.063,21.389,-0.032,12.0902,STAGE2_BURN
415,4167.777,208.241,62.633,4167.335,21.049,670.594,0.771,0,0.085,0.062,20.833,-0.048,12.151,STAGE2_BURN
416,4188.888,208.304,62.15,4188.394,21.132,674.772,0.708,0,0.083,0.063,21.111,-0.063,12.2125,STAGE2_BURN
417,4211.111,208.366,58.508,4209.698,21.213,678.971,0.634,0,0.081,0.062,22.223,-0.074,12.2773,STAGE2_BURN
418,4231.388,208.429,50.713,4231.155,21.355,683.192,0.556,0,0.142,0.063,20.277,-0.078,12.3364,STAGE2_BURN
419,4252.777,208.492,39.057,4252.729,21.527,687.433,0.477,0,0.172,0.063,21.389,-0.079,12.3988,STAGE2_BURN
420,4272.777,208.5,26.716,4272.777,21.7,691.696,0.398,0,0.173,0.008,20,-0.079,12.4571,STAGE2_BURN
421,4295.833,208.5,14.672,4295.833,21.78,695.981,0.32,0,0.08,0,23.056,-0.078,12.5243,STAGE2_BURN
422,4318.333,208.5,5.787,4317.548,21.829,700.287,0.242,0,0.049,0,22.5,-0.078,12.5899,STAGE2_BURN
423,4340.277,208.5,1.056,4339.241,21.879,704.616,0.169,0,0.05,0,21.944,-0.073,12.6539,STAGE2_BURN
424,4361.944,208.5,0.185,4361.072,21.931,708.966,0.105,0,0.052,0,21.667,-0.064,12.717,STAGE2_BURN
425,4382.222,208.5,0,4382.222,21.954,713.337,0.057,0,0.023,0,20.278,-0.048,12.7762,STAGE2_BURN
426,4405,208.5,0,4405,22.041,717.731,0.024,0,0.087,0,22.778,-0.033,12.8426,STAGE2_BURN
427,4426.944,208.5,0,4426.944,22.224,722.147,0.007,0,0.183,0,21.944,-0.017,12.9065,STAGE2_BURN
428,4448.888,208.5,0,4448.888,22.531,726.585,0.001,0,0.307,0,21.944,-0.006,12.9705,STAGE2_BURN
429,4472.777,208.5,0,4472.575,22.778,731.046,0,0,0.247,0,23.889,-0.001,13.0402,STAGE2_BURN
430,4495.555,208.5,0,4495.452,22.963,735.53,0,0,0.185,0,22.778,0,13.1066,STAGE2_BURN
431,4518.611,208.5,0,4518.566,23.025,740.037,0,0,0.062,0,23.056,0,13.1738,STAGE2_BURN
432,4542.5,208.5,0,4541.784,23.056,744.567,0,0,0.031,0,23.889,0,13.2434,STAGE2_BURN
433,4565.555,208.5,0,4565.205,23.148,749.12,0,0,0.092,0,23.055,0,13.3107,STAGE2_BURN
434,4588.333,208.5,0,4588.333,23.334,753.697,0,0,0.186,0,22.778,0,13.3771,STAGE2_BURN
435,4612.777,208.5,0,4612.591,23.673,758.298,0,0,0.339,0,24.444,0,13.4483,STAGE2_BURN
436,4636.666,208.5,0,4636.595,24.012,762.922,0,0,0.339,0,23.889,0,13.518,STAGE2_BURN
437,4658.888,208.5,0,4658.888,24.383,767.57,0,0,0.371,0,22.222,0,13.5828,STAGE2_BURN
438,4685.555,208.5,0,4685.377,24.66,772.242,0,0,0.277,0,26.667,0,13.6605,STAGE2_BURN
439,4710.277,208.5,0,4710.228,24.907,776.94,0,0,0.247,0,24.722,0,13.7326,STAGE2_BURN
440,4735.555,208.5,0,4735.367,25.062,781.663,0,0,0.155,0,25.278,0,13.8063,STAGE2_BURN
441,4760.555,208.5,0,4760.555,25.185,786.411,0,0,0.123,0,25,0,13.8792,STAGE2_BURN
442,4786.666,208.5,0,4786.088,25.34,791.184,0,0,0.155,0,26.111,0,13.9553,STAGE2_BURN
443,4810.833,208.5,0,4810.833,25.556,795.982,0,0,0.216,0,24.167,0,14.0258,STAGE2_BURN
444,4838.055,208.5,0,4837.433,25.833,800.806,0,0,0.277,0,27.222,0,14.1051,STAGE2_BURN
445,4864.166,208.5,0,4863.269,26.018,805.657,0,0,0.185,0,26.111,0,14.1812,STAGE2_BURN
446,4888.333,208.5,0,4888.333,26.111,810.533,0,0,0.093,0,24.167,0,14.2517,STAGE2_BURN
447,4914.722,208.5,0,4914.722,26.142,815.434,0,0,0.031,0,26.389,0,14.3286,STAGE2_BURN
448,4940.833,208.5,0,4940.833,26.234,820.362,0,0,0.092,0,26.111,0,14.4048,STAGE2_BURN
449,4968.888,208.5,0,4967.674,26.389,825.316,0,0,0.155,0,28.055,0,14.4866,STAGE2_BURN
450,4994.166,208.5,0,4994.133,26.574,830.297,0,0,0.185,0,25.278,0,14.5603,STAGE2_BURN
451,5021.111,208.5,0,5020.874,26.729,835.305,0,0,0.155,0,26.945,0,14.6388,STAGE2_BURN
452,5047.777,208.5,0,5047.777,26.883,840.339,0,0,0.154,0,26.666,0,14.7166,STAGE2_BURN
453,5074.444,208.5,0,5074.444,27.007,845.4,0,0,0.124,0,26.667,0,14.7943,STAGE2_BURN
454,5102.777,208.5,0,5102.777,27.254,850.489,0,0,0.247,0,28.333,0,14.8769,STAGE2_BURN
455,5130,208.5,0,5130,27.655,855.605,0,0,0.401,0,27.223,0,14.9563,STAGE2_BURN
456,5159.166,208.5,0,5159.166,28.241,860.75,0,0,0.586,0,29.166,0,15.0413,STAGE2_BURN
457,5189.444,208.5,0,5188.527,28.765,865.923,0,0,0.524,0,30.278,0,15.1296,STAGE2_BURN
458,5216.666,208.5,0,5216.666,28.95,871.126,0,0,0.185,0,27.222,0,15.2089,STAGE2_BURN
459,5246.388,208.5,0,5245.995,28.765,876.357,0,0,-0.185,0,29.722,0,15.2956,STAGE2_BURN
460,5276.111,208.5,0,5274.549,28.364,881.618,0,0,-0.401,0,29.723,0,15.3822,STAGE2_BURN
461,5304.166,208.5,0,5302.947,28.055,886.906,0,0,-0.309,0,28.055,0,15.464,STAGE2_BURN
462,5331.944,208.5,0,5331.16,27.901,892.223,0,0,-0.154,0,27.778,0,15.545,STAGE2_BURN
463,5358.611,208.5,0,5358.611,27.84,897.568,0,0,-0.061,0,26.667,0,15.6228,STAGE2_BURN
464,5386.111,208.5,0,5386.111,27.809,902.941,0,0,-0.031,0,27.5,0,15.7029,STAGE2_BURN
465,5414.722,208.5,0,5414.722,27.84,908.341,0,0,0.031,0,28.611,0,15.7864,STAGE2_BURN
466,5442.5,208.5,0,5442.5,27.994,913.77,0,0,0.154,0,27.778,0,15.8673,STAGE2_BURN
467,5471.388,208.5,0,5471.074,28.241,919.227,0,0,0.247,0,28.888,0,15.9516,STAGE2_BURN
468,5500,208.5,0,5499.38,28.457,924.712,0,0,0.216,0,28.612,0,16.035,STAGE2_BURN
469,5527.777,208.5,0,5527.777,28.581,930.225,0,0,0.124,0,27.777,0,16.116,STAGE2_BURN
470,5556.111,208.5,0,5556.111,28.712,935.767,0,0,0.131,0,28.334,0,16.1986,STAGE2_BURN
471,5585.624,208.5,0,5585.624,28.912,941.338,0,0,0.2,0,29.513,0,16.2846,STAGE2_BURN
472,5615.277,208.5,0,5614.904,29.228,946.938,0,0,0.316,0,29.653,0,16.3711,STAGE2_BURN
473,5643.333,208.5,0,5643.333,29.467,952.568,-0.002,0,0.239,0,28.056,-0.002,16.4529,STAGE2_BURN
474,5673.888,208.5,0,5673.617,29.659,958.226,-0.006,0,0.192,0,30.555,-0.004,16.5419,STAGE2_BURN
475,5703.888,208.5,0,5703.268,29.773,963.914,-0.016,0,0.114,0,30,-0.01,16.6294,STAGE2_BURN
476,5733.333,208.5,0,5733.16,29.894,969.633,-0.031,0,0.121,0,29.445,-0.015,16.7153,STAGE2_BURN
477,5763.055,208.5,-0.588,5763.055,30.022,975.381,-0.051,0,0.128,0,29.722,-0.02,16.8019,STAGE2_BURN
478,5793.611,208.5,-2.386,5793.611,30.204,981.159,-0.075,0,0.182,0,30.556,-0.024,16.891,STAGE2_BURN
479,5823.611,208.5,-6.11,5823.611,30.478,986.968,-0.101,0,0.274,0,30,-0.026,16.9785,STAGE2_BURN
480,5854.722,208.5,-11.204,5854.722,30.752,992.807,-0.126,0,0.274,0,31.111,-0.025,17.0692,STAGE2_BURN
481,5886.666,208.474,-17.016,5886.666,30.963,998.678,-0.151,0,0.211,-0.026,31.944,-0.025,17.1623,STAGE2_BURN
482,5917.5,208.444,-22.304,5917.5,31.021,1004.58,-0.177,0,0.058,-0.03,30.834,-0.026,17.2522,STAGE2_BURN
483,5950.555,208.415,-26.383,5950.243,30.986,1010.514,-0.202,0,-0.035,-0.029,33.055,-0.025,17.3486,STAGE2_BURN
484,5982.777,208.385,-28.536,5980.857,30.736,1016.479,-0.225,0,-0.25,-0.03,32.222,-0.023,17.4425,STAGE2_BURN
485,6013.611,208.356,-29.318,6010.75,30.161,1022.475,-0.245,0,-0.575,-0.029,30.834,-0.02,17.5324,STAGE2_BURN
486,6043.055,208.327,-29.382,6039.819,29.119,1028.5,-0.26,0,-1.042,-0.029,29.444,-0.015,17.6182,STAGE2_BURN
487,6070,208.297,-29.382,6068.048,27.975,1034.554,-0.27,0,-1.144,-0.03,26.945,-0.01,17.6968,STAGE2_BURN
488,6094.444,208.268,-29.382,6094.444,27.127,1040.635,-0.273,0,-0.848,-0.029,24.444,-0.003,17.7681,STAGE2_BURN
489,6121.666,208.238,-29.382,6121.666,26.746,1046.743,-0.273,0,-0.381,-0.03,27.222,0,17.8474,STAGE2_BURN
490,6147.5,208.209,-29.382,6147.5,26.654,1052.878,-0.273,0,-0.092,-0.029,25.834,0,17.9227,STAGE2_BURN
491,6173.888,208.18,-29.382,6173.888,26.623,1059.039,-0.273,0,-0.031,-0.029,26.388,0,17.9997,STAGE2_BURN
492,6200.555,208.15,-29.382,6200.555,26.623,1065.226,-0.272,0,0,-0.03,26.667,0.001,18.0774,STAGE2_BURN
493,6227.222,208.121,-29.382,6227.1,26.623,1071.44,-0.27,0,0,-0.029,26.667,0.002,18.1552,STAGE2_BURN
494,6253.888,208.092,-29.382,6253.763,26.654,1077.68,-0.269,0,0.031,-0.029,26.666,0.001,18.2329,STAGE2_BURN
495,6280.833,208.062,-29.382,6280.662,26.716,1083.947,-0.268,0,0.062,-0.03,26.945,0.001,18.3115,STAGE2_BURN
496,6307.222,208.033,-29.382,6307.222,26.902,1090.241,-0.267,0,0.186,-0.029,26.389,0.001,18.3884,STAGE2_BURN
497,6335,208.003,-29.382,6335,27.149,1096.562,-0.266,0,0.247,-0.03,27.778,0.001,18.4694,STAGE2_BURN
498,6362.777,207.974,-29.382,6362.417,27.488,1102.911,-0.265,0,0.339,-0.029,27.777,0.001,18.5504,STAGE2_BURN
499,6389.722,207.945,-29.382,6389.722,27.735,1109.287,-0.263,0,0.247,-0.029,26.945,0.002,18.6289,STAGE2_BURN
500,6417.777,207.915,-29.382,6417.777,27.921,1115.691,-0.262,0,0.186,-0.03,28.055,0.001,18.7107,STAGE2_BURN
501,6446.388,207.886,-29.382,6445.883,28.044,1122.123,-0.261,0,0.123,-0.029,28.611,0.001,18.7941,STAGE2_BURN
502,6474.444,207.856,-29.382,6474.198,28.199,1128.583,-0.26,0,0.155,-0.03,28.056,0.001,18.8759,STAGE2_BURN
503,6502.5,207.827,-29.382,6502.5,28.477,1135.071,-0.259,0,0.278,-0.029,28.056,0.001,18.9577,STAGE2_BURN
504,6531.111,207.798,-29.382,6531.111,28.817,1141.588,-0.258,0,0.34,-0.029,28.611,0.001,19.0411,STAGE2_BURN
505,6560.833,207.768,-29.382,6560.833,29.218,1148.134,-0.257,0,0.401,-0.03,29.722,0.001,19.1278,STAGE2_BURN
506,6590.555,207.739,-29.382,6590.555,29.588,1154.71,-0.257,0,0.37,-0.029,29.722,0,19.2144,STAGE2_BURN
507,6620,207.71,-29.382,6620,29.928,1161.315,-0.257,0,0.34,-0.029,29.445,0,19.3003,STAGE2_BURN
508,6650.555,207.68,-29.382,6650.555,30.267,1167.95,-0.257,0,0.339,-0.03,30.555,0,19.3894,STAGE2_BURN
509,6681.388,207.651,-29.382,6681.388,30.544,1174.616,-0.258,0,0.277,-0.029,30.833,-0.001,19.4793,STAGE2_BURN
510,6712.5,207.621,-29.382,6712.5,30.791,1181.313,-0.262,0,0.247,-0.03,31.112,-0.004,19.57,STAGE2_BURN
511,6745.833,207.592,-29.614,6743.528,30.944,1188.041,-0.267,0,0.153,-0.029,33.333,-0.005,19.6672,STAGE2_BURN
512,6775,207.563,-30.342,6774.637,31.036,1194.8,-0.275,0,0.092,-0.029,29.167,-0.008,19.7522,STAGE2_BURN
513,6806.666,207.533,-31.836,6805.898,31.066,1201.59,-0.282,0,0.03,-0.03,31.666,-0.007,19.8445,STAGE2_BURN
514,6837.777,207.504,-33.897,6837.307,31.064,1208.412,-0.29,0,-0.002,-0.029,31.111,-0.008,19.9352,STAGE2_BURN
515,6867.5,207.464,-36.261,6867.5,31.063,1215.264,-0.298,0,-0.001,-0.04,29.723,-0.008,20.0219,STAGE2_BURN
516,6898.611,207.423,-38.429,6898.611,31.216,1222.148,-0.306,0,0.153,-0.041,31.111,-0.008,20.1126,STAGE2_BURN
517,6934.166,207.381,-40.1,6932.852,31.647,1229.063,-0.313,0,0.431,-0.042,35.555,-0.007,20.2162,STAGE2_BURN
518,6965.277,207.34,-41.006,6965.277,32.387,1236.012,-0.32,0,0.74,-0.041,31.111,-0.007,20.3069,STAGE2_BURN
519,6998.888,207.299,-41.343,6998.375,33.127,1242.994,-0.326,0,0.74,-0.041,33.611,-0.006,20.4049,STAGE2_BURN
520,7031.388,207.257,-41.379,7031.388,33.651,1250.009,-0.33,0,0.524,-0.042,32.5,-0.004,20.4997,STAGE2_BURN
521,7065.555,207.216,-41.379,7065.555,33.959,1257.058,-0.331,0,0.308,-0.041,34.167,-0.001,20.5993,STAGE2_BURN
522,7100.833,207.174,-41.379,7100.161,34.206,1264.14,-0.331,0,0.247,-0.042,35.278,0,20.7021,STAGE2_BURN
523,7134.722,207.133,-41.379,7134.722,34.515,1271.258,-0.331,0,0.309,-0.041,33.889,0,20.8009,STAGE2_BURN
524,7169.444,207.092,-41.379,7169.444,34.823,1278.41,-0.331,0,0.308,-0.041,34.722,0,20.9022,STAGE2_BURN
525,7204.166,207.05,-41.379,7204.166,35.194,1285.597,-0.329,0,0.371,-0.042,34.722,0.002,21.0034,STAGE2_BURN
526,7241.944,207.009,-41.379,7241.944,35.626,1292.82,-0.327,0,0.432,-0.041,37.778,0.002,21.1135,STAGE2_BURN
527,7278.055,206.968,-41.379,7278.055,36.12,1300.08,-0.326,0,0.494,-0.041,36.111,0.001,21.2188,STAGE2_BURN
528,7313.611,206.926,-41.379,7313.611,36.552,1307.376,-0.324,0,0.432,-0.042,35.556,0.002,21.3225,STAGE2_BURN